Date,User,Tweet
2017-08-15 07:32:37+00:00,StopWebBullying,Sarahah Needs To Stop Before Someone Seriously Falls Victim To Its Cyber-Bullying - Storypick https://t.co/jSP7U2ygiF #cyberbullying
2017-07-23 21:41:09+00:00,StopWebBullying,"Help victims, witnesses stop cyber bullying - The Straits Times https://t.co/fwLf2EzE6c #cyberbullying"
2017-07-10 09:11:06+00:00,StopWebBullying,Be Nice Bus calls for stop to cyber bullying - Oxfordshire Guardian https://t.co/WbLoCv1dAu #cyberbullying
2017-06-06 01:40:08+00:00,StopWebBullying,Stop The Cyber Bullying Monster From Troubling Your Child - Good Herald https://t.co/TMwOr2T9t6 #cyberbullying
2017-05-10 16:21:09+00:00,StopWebBullying,Ileana D'Cruz urges trolls to stop cyber bullying - Oye! Times https://t.co/I9aoWpV5Be #cyberbullying
2017-05-10 07:02:10+00:00,StopWebBullying,Ileana D'Cruz urges people to stop cyber bullying | Video - onmanorama https://t.co/ZOWhpEYyTU #cyberbullying
2017-05-10 06:29:11+00:00,StopWebBullying,Watch: Ileana D'Cruz urges trolls to stop cyber bullying - Bollywood Hungama https://t.co/Ly0lPbR0jD #cyberbullying
2017-05-09 13:05:07+00:00,StopWebBullying,Ileana D'Cruz urges people to stop cyber bullying through a powerful video - The Indian Express https://t.co/ZoTJVpazGr #cyberbullying
2017-01-11 02:06:07+00:00,StopWebBullying,How to Stop Cyber Bullying Because of Leaked Sex Tapes - channel5belize https://t.co/o1pcdipTaX #cyberbullying
2016-12-26 04:45:09+00:00,StopWebBullying,Avril Lavigne Asks Mark Zuckerberg To Stop Cyber Bullying Nickelback - The Blemish https://t.co/G3e2LYgMWj #cyberbullying
2016-10-26 21:38:38+00:00,StopWebBullying,Tennessee High working to stop cyber bullying - WCYB https://t.co/a6DAvP0nfU #cyberbullying
2016-09-24 16:29:42+00:00,StopWebBullying,Miss Nebraska tells teens to stop cyber bullying - NBC Nebraska https://t.co/p4JE2PsQ2V #cyberbullying
2016-03-28 18:16:13+00:00,StopWebBullying,"3 Little Ways To Stop Cyberbullying, Because Bullying Can Have Lifelong Effects - Bustle https://t.co/lYAECo7Skx #cyberbullying"
2016-03-05 03:38:07+00:00,StopWebBullying,Valley fights to stop cyber bullying - Verde Independent https://t.co/fSq5D35icX #cyberbullying
2016-03-01 04:52:07+00:00,StopWebBullying,Franklin County mother wants cyber bullying to stop - WKYT https://t.co/1UeXBZQqCQ #cyberbullying
2016-02-18 08:23:37+00:00,StopWebBullying,Stop. Block. Tell. Cyber Bullying is not OK - eNCA https://t.co/LNSbJguLXO #cyberbullying
2016-02-18 00:46:11+00:00,StopWebBullying,Stop. Block. Tell. Cyber Bullying is not OK - eNCA https://t.co/V4lFN1EfF5 #cyberbullying
2016-02-11 13:38:09+00:00,StopWebBullying,tarte cosmetics Partners with ByStander Revolution to Help Stop Cyber-bullying - PR Newswire (press… https://t.co/1V8DlBN5hq #cyberbullying
2016-02-08 22:56:11+00:00,StopWebBullying,Monday Motivation: Stop cyber bullying In 5 clicks - Benoni City Times https://t.co/73iUzT8iSW #cyberbullying
2016-02-08 12:37:11+00:00,StopWebBullying,Monday Motivation: Stop cyber bullying In 5 clicks - Alberton Record. (blog) https://t.co/MtgH4fpgtk #cyberbullying
2015-10-13 02:10:11+00:00,StopWebBullying,App aims to stop cyber bullying - http://t.co/bUBGWs6B3p http://t.co/1gHn4DEpgN #cyberbullying
2015-10-12 20:23:07+00:00,StopWebBullying,App aims to stop cyber bullying - WRBL http://t.co/IGpilOPiuc #cyberbullying
2015-10-12 17:44:03+00:00,StopWebBullying,App aims to put stop to cyber bullying - WCBD News 2 http://t.co/rEzouKglcc #cyberbullying
2015-10-12 17:44:03+00:00,StopWebBullying,"App aims to stop cyber bullying among kids, teens - http://t.co/PnVgjCQw3Q http://t.co/zwXvrIrg4a #cyberbullying"
2015-10-12 10:55:32+00:00,StopWebBullying,App aims to put stop to cyber bullying - WFLA http://t.co/4gmuhcrn4L #cyberbullying
2015-09-15 06:23:07+00:00,StopWebBullying,Online respect way to stop cyber bullying - New Zealand Herald http://t.co/1r0n8Lp0pJ #cyberbullying
2015-09-13 17:35:03+00:00,StopWebBullying,Editorial: Online respect way to stop cyber bullying - New Zealand Herald http://t.co/9rYfHtAj4r #cyberbullying
2015-09-09 17:18:11+00:00,StopWebBullying,Cyber bullying: How do we stop it? - New Zealand Herald http://t.co/FE5Co71xhQ #cyberbullying
2015-08-17 09:01:36+00:00,StopWebBullying,Cyber bullying: Father crusades to stop bullies after daughter's suicide ... - ABC Online http://t.co/RmxGukvE4k #cyberbullying
2015-08-15 17:32:06+00:00,StopWebBullying,Chrissy Teigen: Please Stop Cyber-Bullying - I Read '99.5 Percent' Of Comments - Access Hollywood http://t.co/4vMu52KTv6 #cyberbullying
2015-08-03 12:54:35+00:00,StopWebBullying,China Says US Must Stop Cyber-Bullying - NDTV http://t.co/QzI5JsyFm3 #cyberbullying
2015-08-03 10:48:44+00:00,StopWebBullying,United States must stop cyber bullying: China - Economic Times http://t.co/a7szO9qdHI #cyberbullying
2015-07-29 19:51:33+00:00,StopWebBullying,Stop cyber bullying on innocent children—CWC - Philippine Information Agency http://t.co/qJx8Jmw9wS #cyberbullying
2015-07-10 11:35:35+00:00,StopWebBullying,New Zealand bans trolling in an attempt to stop cyber bullying - New Zealand Times http://t.co/LyfytOPiFU #cyberbullying
2015-06-10 07:20:07+00:00,StopWebBullying,",Schools can help stop bullying - The West Australian http://t.co/iChQh58uUN #cyberbullying"
2015-06-10 03:12:05+00:00,StopWebBullying,",Schools can help stop bullying - The West Australian http://t.co/hgyQXLksNS #cyberbullying"
2015-05-27 16:14:07+00:00,StopWebBullying,Will Peltz Wants 'Unfriended' to Stop Cyber Bullying - Just Jared Jr. http://t.co/R0VMADc07N #cyberbullying
2015-05-02 03:23:04+00:00,StopWebBullying,"Port St. Lucie Police urge students to stop cyber-bullying, visit school to ... -… http://t.co/e6ae9157Qf #cyberbullying"
2015-02-21 16:49:13+00:00,StopWebBullying,Can we please stop this cyber bullying? - Times of Oman http://t.co/uJlzadGs4L #cyberbullying
2015-02-04 22:07:07+00:00,StopWebBullying,Efforts to Stop Cyber Bullying between Girls at PHS - The News Center http://t.co/iGADBCkDn3 #cyberbullying
2014-12-03 14:12:33+00:00,StopWebBullying,Social media websites targeted as Australia aims to stop cyber bullying - Shanghai Daily… http://t.co/qseRFbzd6y #cyberbullying
2014-12-03 09:46:03+00:00,StopWebBullying,Social media websites targeted as Australia aims to stop cyber bullying - Shanghai Daily (subscription):… http://t.co/tZSC4qDu8Z #esafety
2014-11-13 15:43:30+00:00,StopWebBullying,Cyber bullying in Markham must stop - http://t.co/NzQRaCe6BN http://t.co/GzjJt5FDmL #cyberbullying
2014-10-27 06:37:02+00:00,StopWebBullying,Lewinsky's story can help stop cyber-bullying - Daily Illini http://t.co/qX0J3xND1Z #cyberbullying
2014-10-21 23:02:12+00:00,StopWebBullying,STOP: Cyber Bullying Is Still Bullying - Don't Abuse Technology PSA - Fanlala http://t.co/SkD6847V1Y #cyberbullying
2014-10-19 14:04:34+00:00,StopWebBullying,Police in bid to stop spread of cyber bullying - Uttoxeter News http://t.co/HcpKp8AIgM #cyberbullying
2014-10-18 06:23:05+00:00,StopWebBullying,CYBERBULLING: Major campaign aims to stop cyber bullying in Burton - Burton Mail http://t.co/SYc3BsY0gP #cyberbullying
2014-09-18 22:38:04+00:00,StopWebBullying,"Feds act to stop cyber-bullying, whatever it is, at some future point - Register http://t.co/gaNYBHcABP #cyberbullying"
2014-08-23 07:21:58+00:00,StopWebBullying,Hayley's Comment: What will it take to stop cyber-bullying? - Gloucester Citizen http://t.co/kWXFaExjfu #cyberbullying
2014-08-12 04:55:39+00:00,StopWebBullying,How to Stop Bullying and How to Stop Cyber Bullying: Veteran Australian ... - WebWire (press release) http://t.co/Zko0hm7hoT #cyberbullying
2014-06-16 10:01:01+00:00,StopWebBullying,"CPF Cheongsam Lady Video: Stop the Cyber-Bullying, Singaporeans! - Yahoo Singapore News http://t.co/shLFo5WRbY #cyberbullying"
2014-04-30 18:18:31+00:00,StopWebBullying,Students Take Action to Stop Cyber Bullying - Oskaloosa news http://t.co/moPkeBfi3t #cyberbullying
2014-04-21 20:03:04+00:00,StopWebBullying,"Cyber Bullying Facts, A One Stop Complete Article Released by NoBullying Today - WhaTech http://t.co/phqE8ge4zu #cyberbullying"
2014-04-20 15:56:36+00:00,StopWebBullying,"Cyber Bullying Facts, A One Stop Complete Article Released by NoBullying Today - Consumer... http://t.co/OE7QqP8Lej #cyberbullying"
2014-04-19 19:31:05+00:00,StopWebBullying,"Cyber Bullying Facts, A One Stop Complete Article Released by NoBullying Today - PR Web (press... http://t.co/XN9DfzUAHW #cyberbullying"
2014-04-17 22:13:37+00:00,StopWebBullying,Lancaster County school district wants to put a stop to cyber bullying outside ... -... http://t.co/oyPFIusovv #cyberbullying
2014-03-26 09:52:12+00:00,StopWebBullying,Lovato tells fans: Stop cyber-bullying - TV3.ie http://t.co/3zlyzKx1RV #cyberbullying
2014-03-26 04:44:33+00:00,StopWebBullying,Lovato tells fans: Stop cyber-bullying - Yahoo Philippines News http://t.co/3ezjZKSTtr #cyberbullying
2014-03-05 16:22:16+00:00,StopWebBullying,"Cyber bullying: easy to perpetrate, hard to stop - Sydney Morning Herald http://t.co/w6mxhT96Qf #cyberbullying"
2014-03-05 13:48:04+00:00,StopWebBullying,"Cyber bullying: easy to perpetrate, hard to stop - The Age http://t.co/fokHg3ALPZ #cyberbullying"
2014-02-20 06:26:04+00:00,StopWebBullying,American wants Kiwi's cyber bullying to stop - Auckland http://t.co/b7KhMTkrZ7 http://t.co/DeZIHdJVzH #cyberbullying
2014-02-17 14:33:42+00:00,StopWebBullying,Family First: Social media classes hope to stop cyber bullying - KSLA-TV http://t.co/NntCnhFYEn #cyberbullying
2014-01-10 00:12:10+00:00,StopWebBullying,'Stop Hating Online': Canada Launches Campaign Against Cyber-bullying - International Business... http://t.co/O5bpHLYb3y #cyberbullying
2013-11-06 18:31:18+00:00,StopWebBullying,"Federal government announces funding to stop cyber-bullying, violence against ... - Ottawa Citizen http://t.co/rvzVSh5Xpk #cyberstalking"
2013-11-06 00:13:23+00:00,StopWebBullying,Floyd Co. making initiatives to stop cyber bullying - WSLS http://t.co/VpaoLDWc8y #cyberbullying
2013-11-05 19:10:20+00:00,StopWebBullying,"Federal government announces funding to stop cyber-bullying, violence against ... - Ottawa Citizen http://t.co/GFN0WjNXhk #cyberstalking"
2013-11-03 01:28:28+00:00,StopWebBullying,Somaliland: Parent Urges Readers to Stop Cyber-bullying - Somaliland Sun http://t.co/6PNvBFsOCI #cyberbullying
2013-11-02 19:23:48+00:00,StopWebBullying,Somaliland: Parent Urges Readers to Stop Cyber-bullying - Somaliland Sun http://t.co/cNGnpsbt7R #cyberbullying
2013-10-01 19:35:22+00:00,StopWebBullying,Lauren Mayberry of Chvrches Wants Men to Stop Cyber-Bullying Her - Digital Music News http://t.co/0kAiRZzB0U #cyberbullying
2013-09-28 06:45:04+00:00,StopWebBullying,MEP calls for fines to stop cyber bullying - Irish Independent http://t.co/2ckO2JY41w #cyberbullying
2013-08-13 16:45:32+00:00,StopWebBullying,Honey Boo Boo's Mama June Puts A Stop To Pumpkin's Cyber Bullying! - http://t.co/L0MHZqGGkO http://t.co/QHxkUuWLb3 #cyberbullying
2013-08-13 06:06:47+00:00,StopWebBullying,Suffolk: Expert says more must be done to stop cyber bullying - Ipswich Star http://t.co/378kaNEkLM #cyberbullying
2013-08-12 14:23:47+00:00,StopWebBullying,Suffolk: Expert says more must be done to stop cyber bullying - East Anglian Daily Times http://t.co/1LDL1cLHwv #cyberbullying
2013-07-23 14:55:04+00:00,StopWebBullying,"On Reddit, bullying doesn't stop after high school - WBEZ (blog) http://t.co/Eeb07uXrzM #cyberbullying"
2013-07-08 14:16:25+00:00,StopWebBullying,How to STOP Cyber-Bullying &amp; Internet Trolling for the modern family? - PRWire (press release) http://t.co/oFgR1ekVhb #cyberbullying
2013-03-23 06:44:46+00:00,StopWebBullying,http://t.co/MtdJUgEwtW Winchester school leaders say work to stop bullying before it happens has... http://t.co/uuchqfbXQ5 #cyberbullying
2013-03-22 23:43:31+00:00,StopWebBullying,http://t.co/MtdJUgEwtW Winchester school leaders say work to stop bullying before it happens has... http://t.co/yRePeXgRvo #cyberbullying
2013-03-04 12:01:59+00:00,StopWebBullying,"http://t.co/MtdJUgEwtW Waterloo parents get help to stop bullying: The seminar, a hands-on intro... http://t.co/g9BAx8lcp8 #cyberbullying"
2013-02-28 07:42:59+00:00,StopWebBullying,http://t.co/MtdJUgEwtW Prevention urged to stop cyber-bullying: “Prevention needs to be our prio... http://t.co/CFBJEhTVJJ #cyberbullying
2013-02-26 16:11:40+00:00,StopWebBullying,http://t.co/MtdJUgEwtW How to Stop Bullying: Cook: Why did you set out to write a book about bul... http://t.co/e9BiBiQXFI #cyberbullying
2013-02-05 16:36:02+00:00,StopWebBullying,'Stop Cyber-Bullying' Campaign Becomes Student's Passion - Greeneville Sun http://t.co/2QXVHxFx #cyberbullying
2013-01-19 11:57:01+00:00,StopWebBullying,Cyber Bullying Forum's Focus is to 'Stop the Pain' - http://t.co/8eHdeW8v http://t.co/rpANmy5Y #cyberbullying
2013-01-07 19:41:20+00:00,StopWebBullying,"Top story: Schools will ask parents to help them end cyber-bullying - Stop Cyber Bu… http://t.co/0bcMCZj9, see more http://t.co/4VZuyHZl"
2012-12-25 04:37:11+00:00,StopWebBullying,Stop Web Bullying and Regain Your Name wish everyone a Happy Christmas and a safe New Year. #peace
2012-12-17 16:02:04+00:00,StopWebBullying,Teenage cyberbullies banned from grinds website - Stop Cyber Bullying ... - Irish Independent http://t.co/85Sq1akg #cyberbullying
2012-12-17 15:53:14+00:00,StopWebBullying,http://t.co/egF1fO00 Teenage cyberbullies banned from grinds website - Stop Cyber Bullying ... - Irish Independen... http://t.co/SQn97VEu
2012-11-02 21:16:23+00:00,StopWebBullying,http://t.co/egF1fO00 Children's Ombudsman: Blocking access to websites won't stop cyber bullying - Irish Independ... http://t.co/wCCjlN5i
2012-11-01 22:25:16+00:00,StopWebBullying,http://t.co/egF1fO00 Stop the hate: Cyber bullying 'increases power gap' - The Daily Post: Stop the hate: Cyber b... http://t.co/AU91xt12
2012-09-07 00:53:12+00:00,StopWebBullying,http://t.co/egF1fO00 LeAnn Rimes needs to stop focusing on public image to win cyber-bullying court ... - heatwor... http://t.co/gFBlBKIm
2012-09-03 09:01:57+00:00,StopWebBullying,http://t.co/egF1fO00 Stop the bullying - New Straits Times: New Straits TimesStop the bullyingNew Straits TimesCy... http://t.co/nOI3WW0B
2012-09-01 19:42:51+00:00,StopWebBullying,"Top story: http://t.co/rnRgGBhO ~ Help Stop Bullying and Cyberbullying in Your City http://t.co/rTRxVjDo, see more http://t.co/XXzDss3a"
2012-08-15 14:42:33+00:00,StopWebBullying,"http://t.co/egF1fO00 Government: Cyber-bullying must stop, says Collins - eGov monitor: AFPGovernment: Cyber-bull... http://t.co/ZXdfcCYP"
2012-08-10 23:31:33+00:00,StopWebBullying,@ScottMills91 A Twitter page won't stop bullying. A groundswell of public opinion will.
2012-08-03 13:21:33+00:00,StopWebBullying,http://t.co/egF1fO00 Finding a Way to Stop Bullying — A Look at the Need for Cyberbullying Laws - South Source: S... http://t.co/v1BrNb7H
2012-08-02 02:31:49+00:00,StopWebBullying,http://t.co/egF1fO00 Plan to end online spite: $4 million to help stop cyber bullying - The Manly Daily: The Manl... http://t.co/QY10BXfB
2012-06-05 22:52:08+00:00,StopWebBullying,http://t.co/egF1fO00 Will Facebook for kids put a stop to cyber bullying - http://t.co/XNOKScik: USA TODAYWill Fac... http://t.co/GgDqB77V
2012-05-10 13:53:12+00:00,StopWebBullying,"http://t.co/egF5No0U Tami Roman To Fans: ""Stop Cyber-Bullying Me And My Co-Stars!"" - The Urban Daily: The Urban D... http://t.co/178XjBHe"
2012-05-01 13:11:43+00:00,StopWebBullying,http://t.co/egF5No0U KCTV 5Putting a stop to cyber bullying - KCTV Kansas City: KCTV 5Putting a stop to cyber bul... http://t.co/D7aVKznw
2012-04-28 10:09:10+00:00,StopWebBullying,http://t.co/egF5No0U Student: Cyber Bullying Needs to Stop - http://t.co/8eHhMw9p: Student: Cyber Bullying Needs t... http://t.co/VcEUjuq9
2012-04-11 11:37:45+00:00,StopWebBullying,"Top story: Who Invented The Internet – Support and Tips to Prevent and Stop Bullying, A… http://t.co/mq1d5tRa, see more http://t.co/XXzI0244"
2012-04-05 17:50:08+00:00,StopWebBullying,http://t.co/egF5No0U Stop Bullying website unveiled - KWWL: It includes tips to help people understand what bully... http://t.co/sxEva7mh
2012-04-02 16:31:06+00:00,StopWebBullying,"Top story: How to STOP Cyber Bullying |Bullying UK - Part of Family Lives charity – reg… http://t.co/Xt8icGfG, see more http://t.co/XXzI0244"
2012-03-31 13:57:42+00:00,StopWebBullying,http://t.co/egF5No0U Government launches new Stop Bullying website - Ashtabula Star-Beacon: The site also explore... http://t.co/bzQ2tL8f
2012-03-31 05:13:36+00:00,StopWebBullying,http://t.co/egF5No0U Revitalized Stop Bullying website - http://t.co/15sFbZAg: The site also explores the dangers ... http://t.co/BK6bUgYY
2012-03-30 18:57:04+00:00,StopWebBullying,http://t.co/egF5No0U HHS and Education launch new Stop Bullying website - http://t.co/MmprWFf9: The site also expl... http://t.co/bd2xa3ep
2012-03-19 21:32:18+00:00,StopWebBullying,http://t.co/egF5No0U Maryland Teen Threatened Suicide on Reddit If School Doesn't Stop Cyber Bullying - ABC News:... http://t.co/YPc48nNh
2012-03-08 08:45:09+00:00,StopWebBullying,"#cyberbully #exposed Bullying that no one will stop: 'users: Pan Dimensional Being
Sleightblind
Kula diamond
The... http://t.co/rPiyt0b5"
2012-02-02 22:15:20+00:00,StopWebBullying,http://t.co/egF5No0U Stop Bullying My Child - Patch: So where does childish fun end and bullying begin? Facebook ... http://t.co/fb3BqGJX
2012-01-17 12:08:42+00:00,StopWebBullying,"http://t.co/egF5No0U States told: Stop cyber bullying, stalking - The Asian Age: States told: Stop cyber bullying... http://t.co/7mR9SSzM"
2012-01-16 21:41:14+00:00,StopWebBullying,"http://t.co/egF5No0U States told: Stop cyber bullying, stalking - The Asian Age: States told: Stop cyber bullying... http://t.co/7mR9SSzM"
2012-01-09 14:30:25+00:00,StopWebBullying,@StopBullying Thanks for mentioning us. Together we can defeat cyberbullying
2011-12-13 10:27:26+00:00,StopWebBullying,http://t.co/egF5No0U A Stop To Bullying Starts with Changing A Mindset - http://t.co/8eHhMw9p: A Stop To Bullying ... http://t.co/lYDmgAVu
2011-12-12 15:43:35+00:00,StopWebBullying,"http://t.co/egF5No0U A Stop To Bullying Starts with Changing A Mindset - Patch: Entitled ""Cyberbullying: What You... http://t.co/YvMfe0l1"
2011-12-07 21:39:14+00:00,StopWebBullying,"http://t.co/egF5No0U Is Indiana Doing Enough To Stop Bullying? - NPR News: In fairness, the Indiana Department of... http://t.co/RKiBfkWl"
2011-12-07 14:53:33+00:00,StopWebBullying,"http://t.co/egF5No0U Is Indiana Doing Enough To Stop Bullying? - NPR News: In fairness, the Indiana Department of... http://t.co/Zc2DEqPS"
2011-12-02 11:59:08+00:00,StopWebBullying,http://t.co/egF5No0U Bears mascot encourages students to stop bullying - Daily Chronicle: Students laughed as he ... http://t.co/pha2hzU5
2011-10-27 18:51:17+00:00,StopWebBullying,Join the #StopBullying Movement! - http://t.co/neYOZPXP: While bullying has always been around and is sometimes e... http://t.co/PL7SgPbO
2011-10-03 01:43:13+00:00,StopWebBullying,Facebook makes strides to stop bullying - Newsday: Experts say Facebook has made strides in responding to report... http://t.co/QOPkjyz4
2011-09-28 19:09:57+00:00,StopWebBullying,"New help to stop cyberbullying - KPHO: Bullying has always been a problem, but experts say kids these days have ... http://t.co/Vv4v9DSH"
2011-09-28 17:00:28+00:00,StopWebBullying,"Cher Lloyd tells the government to stop cyber bullying, what a stuck up cow - Holy Moly!: Holy Moly!Cher Lloyd t... http://t.co/W5GrD73T"
2011-09-23 08:26:41+00:00,StopWebBullying,"Lady Gaga determined to end bullying, meet with Obama - The Christian Science Monitor: I will not stop fighting.... http://t.co/PIPkAX35"
2011-09-14 07:00:00+00:00,StopWebBullying,New STOP Cyber Bullying Campaign to Combat Cyber Abuse Epidemic - PR Newswire (press release): New STOP Cyber Bu... http://t.co/8KyoBEX
2011-09-14 03:13:17+00:00,StopWebBullying,"New STOP Cyber Bullying Campaign to Combat Cyber Abuse Epidemic - PR Newswire: 13, 2011 /PRNewswire-iReach/--  L... http://t.co/1klzyFv"
2011-08-25 03:24:36+00:00,StopWebBullying,Tri-County schools look to stop cyber bullying - Point Pleasant Register: Tri-County schools look to stop cyber ... http://t.co/1VNP2gp
2011-08-18 10:56:48+00:00,StopWebBullying,Students use movies to stop bullying - Calgary Herald: Students use movies to stop bullyingCalgary HeraldHallway... http://t.co/bCSHI20
2011-08-09 10:56:20+00:00,StopWebBullying,"How To Spot, Stop Bullying - msnbc.com: you should not : Criticize your child for being bullied Instigate ... http://on.msnbc.com/pTbSRO"
2011-07-21 22:32:25+00:00,StopWebBullying,Aussies mull classes to stop cyber-bullying - TODAYonline: Aussies mull classes to stop cyber-bullyingTODAYonlin... http://bit.ly/oerY8X
2011-07-17 23:29:37+00:00,StopWebBullying,"Facebook school bid to stop bullying - Gold Coast News: USING Facebook, Twitter and other social networking site... http://bit.ly/ncmxiR"
2011-06-13 18:11:36+00:00,StopWebBullying,MILAN: Students rally to stop cyber bullying - Heritage Newspapers: Heritage NewspapersMILAN: Students rally to ... http://bit.ly/lFM3gb
2011-05-22 07:23:47+00:00,StopWebBullying,Tenants want landlord to stop bullying on play yard - Chicago Tribune: The schoolyard bully has unfortunately re... http://bit.ly/lnK6aq
